<?xml version="1.0" encoding="UTF-8" standalone="yes"?>
<source_list
 version="1.0"
 creator="Global Mapper - http://www.globalmapper.com"
 xmlns:xsi="http://www.w3.org/2001/XMLSchema-instance"
 xmlns="http://www.globalmapper.com/OSL/1/0"
 xsi:schemaLocation="http://www.globalmapper.com/OSL/1/0 http://www.globalmapper.com/OSL/1/0/gmc.xsd">

<source type="TMS">
  <name>My Map Set Name</name>
  <FileExt>png</FileExt>
  <LatLonBounds>112.5,21.9430455334,123.75,31.952162238</LatLonBounds>
  <NumZoomLevels>14</NumZoomLevels>
  <TileSize>256</TileSize>
  <BaseURL><![CDATA[file:///Z:/fyc/%C1%FA%BB%AA/]]></BaseURL>
  <NativeProj>EPSG:3857</NativeProj>
</source>
</source_list>
